INSERT INTO employees (emp_no, birth_date, first_name, last_name, gender, hire_date) values
('1', '1988-08-12', 'Leomery', 'Briceño', 'F', '2000-05-11',)
('2', '1987-06-15', 'Nick', 'Mujica', 'M', '2000-05-11'),
('3', '1990-08-25', 'Stevens', 'Villamizar', 'M', '2000-05-11'),
('4', '1992-04-21', 'Kory', 'Perez', 'F', '2000-05-11'),
('5', '1992-12-22', 'Atteneri', 'Cute', 'F', '2000-05-11'),
('6', '1991-03-22', 'Alejandra', 'Blue', 'F', '2000-05-11'),
('7', '1993-03-24', 'Alexis', 'Silver', 'M', '2000-05-11'),
('8', '1991-02-24', 'Angel', 'Martin', 'M', '2000-05-11'),
('9', '1988-02-24', 'Alberto', 'Garcia', 'M', '2000-05-11'),
('10', '1989-02-24', 'Alberto', 'Garcia', 'M', '2000-05-11'),
('11', '1990-08-14', 'Romel', 'Garcia', 'M', '2000-05-11'),
('12', '1988-06-15', 'Fran', 'Covid', 'M', '2000-05-11'),
('13', '1992-05-16', 'Paola', 'Fer', 'F', '2000-05-11'),
('14', '1989-08-18', 'Isma', 'Rodriguez', 'M', '2000-05-11'),
('15', '1988-12-28', 'Gonzalo', 'Cachon', 'M', '2000-05-11');

INSERT INTO salaries (emp_no, salary, from_date, to_date) values
('1', '5000', '2000-05-11', '2001-05-12'),
('2', '6000', '2000-05-11', '2013-01-11'),
('3', '7000', '2000-05-11', '2011-02-13'),
('4', '8000', '2000-05-11', '2012-02-15'),
('5', '9000', '2000-05-11', '2020-07-12'),
('6', '10000', '2000-05-11', '2018-08-3'),
('7', '11000', '2000-05-11', '2021-07-12'),
('8', '15000', '2000-05-11', '2019-12-1'),
('9', '2000', '2000-05-11', '2016-04-12'),
('10', '23000', '2000-05-11', '2019-10-3'),
('11', '25000', '2000-05-11', '2020-11-6'),
('12', '41000', '2000-05-11', '2021-1-6'),
('13', '50000', '2000-05-11', '2020-4-21'),
('14', '33000', '2000-05-11', '2020-5-24'),
('15', '21000', '2000-05-11', '2022-1-2');

/*5 employees must haver at least two salaries in different range of dates*/
INSERT INTO salaries (emp_no, salary, from_date, to_date) values
('1', '50000', '2001-05-12', '2021-01-12'),
('2', '34000', '2000-06-11', '2013-01-11'),
('4', '23000', '2012-02-15', '2020-08-25'),
('5', '34000', '2020-07-12', '2021-02-13'),
('9', '50000', '2016-04-12', '2021-02-10');

/*CREATE A NAME OF THE DEPARTMENTS*/
INSERT INTO departments (dept_no, dept_name) values
('1', 'General'),
('2', ' Human Resources'),
('3', 'Marketing'),
('4', 'Commercial'),
('5', 'Purchasing'),
('6', 'Logistics');

/*10 employees belong to more than one department*/
	INSERT INTO dept_emp (emp_no, dept_no, from_date, to_date) values
('1', '1', '2000-05-11', '2015-04-11'),
('1', '2', '2015-05-11', UTC_DATE()),
('2', '1', '2000-05-11', '2018-06-11'),
('2', '6', '2018-05-11', UTC_DATE()),
('3', '3', '2000-05-11', '2011-03-15'),
('3', '1', '2011-02-15', UTC_DATE()),
('4', '2', '2000-05-11', '2010-03-1'),
('4', '5', '2010-05-1', UTC_DATE()),
('5', '2', '2000-05-11', '2020-02-21'),
('6', '4', '2000-05-11', '2010-03-11'),
('6', '2', '2011-05-11', UTC_DATE()),
('7', '3', '2000-05-11', UTC_DATE()),
('8', '5', '2000-05-11', UTC_DATE()),
('9', '6', '2000-05-11', UTC_DATE()),
('10', '5', '2000-05-11', UTC_DATE()),
('11', '4', '2000-05-11', '2002-10-3'),
('11', '5', '2003-10-3', UTC_DATE()),
('12', '3', '2000-05-11', '2015-05-11'),
('12', '1', '2015-06-11', UTC_DATE()),
('13', '2', '2000-05-11', '2020-10-14'),
('13', '3', '2020-10-14', UTC_DATE()),
('14', '2', '2000-05-11', '2016-04-12'),
('14', '5', '2016-05-18', UTC_DATE()),
('15', '1', '2000-05-11', '2017-05-11'),
('15', '4', '2017-08-11', UTC_DATE());

/*5 employees are managers*/
INSERT INTO dept_manager (emp_no, dept_no, from_date, to_date) values 
('1', '2', '2015-05-11', UTC_DATE()),
('2', '6', '2018-05-11', UTC_DATE()),
('4', '5', '2010-05-1', UTC_DATE()),
('14', '5', '2016-05-18', UTC_DATE()),
('15', '4', '2017-08-11', UTC_DATE());

/*All employees have a degree and at least 5 titles are from 2020*/
INSERT INTO titles (emp_no, title, from_date, to_date) values 
('1', 'Business Administration', '1995-10-02', '1999-05-02'),
('2', 'Chemistry', '1995-10-02', '1999-05-02'),
('3', 'Computer Science', '1995-10-02', '1999-05-02'),
('4', 'Finance', '1995-10-02', '1999-05-02'),
('5', 'Information Systems', '1990-10-02', '1994-05-02'),
('6', 'Marketing and Market Research', '1988-10-02', '1991-05-02'),
('7', 'Mathematics', '1990-10-02', '1994-05-02'),
('8', 'Mechanical Engineering', '1988-10-02', '1991-05-02'),
('9', 'Accounting', '1988-10-02', '1991-05-02'),
('10', 'Nursing', '1988-10-02', '1991-05-02'),
('11', 'Advertising', '1990-10-02', '1994-05-02'),
('12', 'Business', '1988-10-02', '1991-05-02'),
('13', 'International Trade', '1995-10-02', '1999-05-02'),
('14', 'Interior Design', '1988-10-02', '1991-05-02'),
('15', 'Design', '1988-10-02', '1991-05-02');








